,type,link,permalink,time,text
0,twitter,https://twitter.com/ethhub_io,https://twitter.com/ethhub_io/status/1389538729585307650,2021-05-04 11:13:44+00:00,RT @sassal0x: The last week in Ethereum:  -@MetaMask crosses 5 million MAUs ?? -@AlphaFinanceLab grants program announced ?? -@gnosisPM Proto…
1,twitter,https://twitter.com/ethhub_io,https://twitter.com/ethhub_io/status/1389652456460611589,2021-05-04 18:45:38+00:00,RT @econoar: EthHub Weekly #164  -ETH hits $3500 -@SquishChaos bullish ETH report -A16z raising $1bn for crypto fund -@MetaMask hits 5mn MA…
2,reddit,https://www.reddit.com/r/ethereum/,/r/ethereum/comments/n71ai7/eth_20_and_what_will_happen_to_your_eth/,2021-05-07 23:34:45+00:00,"Eth 2.0 and ""what will happen to your ETH"" Can we get a sticky regarding this topic? It'd clear up the daily convo on this sub a great deal.  **What is ETH 2.0?:**  A series of upgrades to the Ethereum network explained [here](https://ethereum.org/en/eth2/).   **Do I have to do anything?:**  No. This is an update to the network itself, Ether held in your wallet or on an exchange or anywhere else is still the same after the merge.  **What will happen to the price?:**  Who knows.  **When will it be released?:**  At some point in the future. ETH2 is series of features/fixes with separate development work and release dates. PoS itself might see an accelerated release this year but there are no guarantees. You can follow the Ethereum dev teams work if you wish to keep closer tabs.   **Answers to all of these questions can be found on the [ethereum.org](https://ethereum.org/) site.**  * [Staking](https://ethereum.org/en/eth2/staking/) * [Proof-of-Stake](https://ethereum.org/en/developers/docs/consensus-mechanisms/pos/) * [ETH2 in general](https://ethereum.org/en/eth2/) * [_Ethereum itself_](https://ethereum.org/en/what-is-ethereum/)  u/Tyra3l provided a link to https://ethmerge.com/, which does a great job of summing things up."
3,twitter,https://twitter.com/ethhub_io,https://twitter.com/ethhub_io/status/1392007448018317314,2021-05-11 06:43:32+00:00,RT @sassal0x: The last week in Ethereum:  -@vaneck_us files for ETH ETF ?? -@banklessDAO announced ?? -@Uniswap v3 on mainnet ?? -@dopex_io re…
4,twitter,https://twitter.com/ethereumJoseph,https://twitter.com/ethereumJoseph/status/1392512654049222668,2021-05-12 16:11:03+00:00,"Layer 2 technology is helping scale #Ethereum, but we also need more developer tools, APIs, and support so that dapp developers can deploy applications natively on these networks.  This is a first step with @infura_io and @trufflesuite now supporting @0xPolygon https://t.co/XsKOqsOdRD"
5,twitter,https://twitter.com/ethereumJoseph,https://twitter.com/ethereumJoseph/status/1393304126604419079,2021-05-14 20:36:04+00:00,"RT @Consensys: Check out the latest #SignaPodcast with @somemikesena, Co-founder of @ceramicnetwork and @3boxlabs  Michael and @LexSokolin…"
6,twitter,https://twitter.com/ethhub_io,https://twitter.com/ethhub_io/status/1394731251353800705,2021-05-18 19:06:57+00:00,RT @econoar: EthHub Weekly #165-166  -VanEck files for ETH ETF -Tether reserves details -@Uniswap v3 -@BanklessHQ DAO -Maker Foundation ret…
7,twitter,https://twitter.com/mcshane_writes,https://twitter.com/mcshane_writes/status/1394837824898146305,2021-05-19 02:10:26+00:00,https://t.co/OivkJ9SxpY
8,twitter,https://twitter.com/mcshane_writes,https://twitter.com/mcshane_writes/status/1396206839285489665,2021-05-22 20:50:25+00:00,https://t.co/sT8XZnSkvX
9,twitter,https://twitter.com/VitalikButerin,https://twitter.com/VitalikButerin/status/1396543012163883012,2021-05-23 19:06:15+00:00,"The limits to blockchain scalability (or, why you can't ""just increase the block size by 10x""):  https://t.co/y08T3TMr2U"
10,twitter,https://twitter.com/mcshane_writes,https://twitter.com/mcshane_writes/status/1396554035776286724,2021-05-23 19:50:03+00:00,https://t.co/ngmjer0JCB
11,twitter,https://twitter.com/mcshane_writes,https://twitter.com/mcshane_writes/status/1396554085990473728,2021-05-23 19:50:15+00:00,https://t.co/9wh1kwA4rH
12,twitter,https://twitter.com/mcshane_writes,https://twitter.com/mcshane_writes/status/1396565690383945728,2021-05-23 20:36:22+00:00,choking out the FUD #bitcoin https://t.co/PFAgImhfPl
13,twitter,https://twitter.com/VitalikButerin,https://twitter.com/VitalikButerin/status/1396623752532676608,2021-05-24 00:27:05+00:00,"Response to the most common response: no, I have not ""changed"" from being a ""big blocker"" to being a ""small blocker""! I've been quite consistently a ""medium blocker"" all along!  See also:  https://t.co/IQ3C9u4pkb"
14,twitter,https://twitter.com/ethhub_io,https://twitter.com/ethhub_io/status/1397063467664744448,2021-05-25 05:34:21+00:00,RT @sassal0x: The last week in Ethereum:  -@optimismPBC integrates @etherscan ?? -@zksync 2.0 security model detailed ??? -@coinbase wallet e…
15,twitter,https://twitter.com/mcshane_writes,https://twitter.com/mcshane_writes/status/1397241435481575427,2021-05-25 17:21:32+00:00,Shoutout to @SwanBitcoin for hosting the bitcoiners of Albuquerque. ?? ??#Bitcoin https://t.co/eQ7K1NHRIL
16,twitter,https://twitter.com/ethhub_io,https://twitter.com/ethhub_io/status/1397284802064125953,2021-05-25 20:13:51+00:00,RT @econoar: EthHub Weekly #167  -Wild ETH price swings -China BTC mining news -US Fed looking at digital currency -@optimismPBC integrates…
17,twitter,https://twitter.com/ethereumJoseph,https://twitter.com/ethereumJoseph/status/1397295084677353473,2021-05-25 20:54:43+00:00,"For #DeFi apps, NFT marketplaces, wallets, and other applications, Infura Transactions (ITX) is a better way to minimize confirmation time and the final cost of gas prices.   You can now sign up for the Private Beta from your @infura_io dashboard if you want to check it out. https://t.co/jTnhnmcEfi"
18,twitter,https://twitter.com/VitalikButerin,https://twitter.com/VitalikButerin/status/1397298390468218883,2021-05-25 21:07:51+00:00,Blockchain voting is overrated among uninformed people but underrated among informed people:  https://t.co/hLFJuwlT73
19,twitter,https://twitter.com/ethhub_io,https://twitter.com/ethhub_io/status/1399573914653659140,2021-06-01 03:49:58+00:00,RT @sassal0x: The last week in Ethereum:  -@arbitrum One now live ?? -@tokenterminal v2 launched ?? -@SetProtocol raises $14 million ?? -@gitc…
20,twitter,https://twitter.com/ethereumJoseph,https://twitter.com/ethereumJoseph/status/1399754666616012801,2021-06-01 15:48:13+00:00,RT @PalmNft: The @MLB is bringing NFTs to @candydigital - powered by Palm ?? https://t.co/fB3QxVPWAA
21,twitter,https://twitter.com/ethhub_io,https://twitter.com/ethhub_io/status/1399805528759443456,2021-06-01 19:10:19+00:00,RT @econoar: EthHub Weekly #168 (our 200th episode!)  -Calm before the storm? -Ray Dalio is a fan of Ethereum -@arbitrum One mainnet beta -…
22,twitter,https://twitter.com/ethereumJoseph,https://twitter.com/ethereumJoseph/status/1399817274140336133,2021-06-01 19:57:00+00:00,"Trust is essential for online poker, both for depositing funds and shuffling decks. Thrilled that @Virtue_Poker is now live on #Ethereum mainnet.   Who will be the underdog when I square up against @paulpierce34 @philivey and @MrBeast for a celebrity poker tournament next month? https://t.co/UWAx9SgOED"
23,twitter,https://twitter.com/ethereumJoseph,https://twitter.com/ethereumJoseph/status/1399862841772064771,2021-06-01 22:58:04+00:00,RT @Consensys: ??Announcing Basic Training by @ConsenSysAcad??  Basic Training (FREE!) equips aspiring blockchain developers with the foundat…
24,twitter,https://twitter.com/ethereumJoseph,https://twitter.com/ethereumJoseph/status/1399889649275973634,2021-06-02 00:44:35+00:00,"RT @GNSPS: I feel nobody really knows when to use which security tool at each development stage, these days. So I made a drawing. ??  Go che…"
25,twitter,https://twitter.com/ethereumJoseph,https://twitter.com/ethereumJoseph/status/1400469097759002624,2021-06-03 15:07:07+00:00,"RT @Consensys: ConsenSys and @AaveAave have teamed up to facilitate institutional adoption of DeFi. Listen in on Johann Bornman, @readDanwr…"
26,twitter,https://twitter.com/ethereumJoseph,https://twitter.com/ethereumJoseph/status/1400470255785361409,2021-06-03 15:11:43+00:00,"We are hiring across the board -- research, engineering, legal, QA, product, marketing, developer relations, and more.  https://t.co/bVWC3kbCoJ https://t.co/Y2anvkidwy"
27,twitter,https://twitter.com/ethereumJoseph,https://twitter.com/ethereumJoseph/status/1400544034242940931,2021-06-03 20:04:53+00:00,RT @ConsenSysAcad: #DYK  The command line is a simple yet powerful (and intimidating!) universal tool.   Basic Training walks through the m…
28,twitter,https://twitter.com/VitalikButerin,https://twitter.com/VitalikButerin/status/1400560669351727107,2021-06-03 21:10:59+00:00,"RT @lexfridman: Here's my conversation with @VitalikButerin, his second time on the podcast. We talk about @Ethereum, @Bitcoin, @Dogecoin,…"
29,twitter,https://twitter.com/ethereumJoseph,https://twitter.com/ethereumJoseph/status/1400562560529797121,2021-06-03 21:18:30+00:00,?? Thread on #Ethereum's upcoming merge to Proof of Stake https://t.co/CGz7qKUamD
30,twitter,https://twitter.com/ethereumJoseph,https://twitter.com/ethereumJoseph/status/1400562789140373505,2021-06-03 21:19:24+00:00,Full article: https://t.co/TTqW9z63Xr  Props to @mkalinin2 and @protolambda for helping lead the effort with #Rayonism
